{"CoV Vasopressor/Inotrope": [0.188235, 0.635294, 0.854902], "LC+ Concentration Unknown Origin": [0.988235, 0.309804, 0.188235], "(Cov) Hospitalized": [0.898039, 0.682353, 0.219608], "CoV Steroids": [0.427451, 0.564706, 0.309804], "CoV Anticoagulant": [0.545098, 0.545098, 0.545098], "CoV Colchicine": [0.090196, 0.745098, 0.811765], "CoV Antibiotics": [0.580392, 0.403922, 0.741176], "LC+ Memory Unknown Origin": [0.839216, 0.152941, 0.156863], "CoV Oxygen": [0.121569, 0.466667, 0.705882], "LC+ Respiratory Unknown Origin": [0.890196, 0.466667, 0.760784], "CoV UnInfected": [0.54902, 0.337255, 0.294118], "CoV Mild": [0.737255, 0.741176, 0.133333], "CoV Moderate": [0.227451, 0.003922, 0.513725], "CoV Severe": [0.0, 0.262745, 0.0], "CoV SpO2": [0.058824, 1.0, 0.662745], "(Cov) ICU": [0.368627, 0.0, 0.25098], "CoV Non-ICU": [0.776471, 0.741176, 1.0], "PMHx Hypertension": [0.258824, 0.313725, 0.321569], "PMHx Asthma": [0.721569, 0.0, 0.501961], "PMHx Diabetes": [1.0, 0.717647, 0.701961], "PMHx Sleep Disorder": [0.490196, 0.007843, 0.0], "PMHx Obesity": [0.380392, 0.14902, 1.0], "PMHx Other": [1.0, 1.0, 0.603922], "PMHx Psychiatric Disease": [0.682353, 0.788235, 0.670588], "PMHx Anti-Virals": [0.0, 0.52549, 0.486275], "PMHx Cardiovascular": [0.333333, 0.227451, 0.0], "PMHx Respiratory Tract": [0.580392, 0.988235, 1.0], "Alcohol Intake": [0.0, 0.74902, 0.0], "CoV Chest Pain": [0.490196, 0.0, 0.627451], "LC+ Altered Mental Status": [0.670588, 0.447059, 0.0], "CoV Cough": [0.568627, 1.0, 0.0], "CoV Diarrhea": [0.003922, 0.745098, 0.541176], "CoV Dizziness": [0.0, 0.270588, 0.482353], "LC+ Dizziness": [0.784314, 0.509804, 0.435294], "CoV Extremity Weakness/Numbness": [1.0, 0.121569, 0.513725], "LC+ Extremity Weakness/Numbness": [0.866667, 0.0, 1.0], "CoV Fatigue": [0.019608, 0.454902, 0.0], "LC+ Fatigue": [0.392157, 0.266667, 0.380392], "(Sym_Cov) Fever > 38": [0.533333, 0.560784, 1.0], "CoV Headache": [1.0, 0.713725, 0.956863], "CoV Arthralgia": [0.32549, 0.384314, 0.215686], "LC+ Arthralgia": [0.807843, 0.521569, 1.0], "CoV Ageusia/Anosmia": [0.407843, 0.415686, 0.517647], "LC+ Ageusia/Anosmia": [0.745098, 0.705882, 0.745098], "CoV Myalgia": [0.647059, 0.376471, 0.537255], "LC+ Myalgia": [0.584314, 0.827451, 1.0], "CoV Nausea Vomiting": [0.003922, 0.0, 0.972549], "LC+ Night Sweats": [1.0, 0.501961, 0.007843], "CoV Rhinorrhea": [0.545098, 0.160784, 0.270588], "CoV Dyspnea": [0.678431, 0.627451, 0.427451], "LC+ Dyspnea": [0.32549, 0.270588, 0.545098], "CoV Sore Throat": [0.784314, 1.0, 0.85098], "CoV Weight Loss": [0.666667, 0.27451, 0.0], "LC+ Weight Loss": [1.0, 0.47451, 0.560784], "Vaccinated": [0.513725, 0.827451, 0.443137], "Age": [0.564706, 0.619608, 0.74902], "Sex": [0.580392, 0.0, 0.960784], "LC+ Headache" : [0.921569, 0.815686, 0.607843], "LC+ Chest Pain" : [0.921569, 0.815686, 0.607843]

}