{"CD-adjunctive___1": [0.188235, 0.635294, 0.854902], "CD-difficulty_with_concentrat___4": [0.988235, 0.309804, 0.188235], "CD-hospitalized": [0.898039, 0.682353, 0.219608], "CD-medication_received___1": [0.427451, 0.564706, 0.309804], "CD-medication_received___3": [0.545098, 0.545098, 0.545098], "CD-medication_received___4": [0.090196, 0.745098, 0.811765], "CD-medication_received___5": [0.580392, 0.403922, 0.741176], "CD-memory_problems___4": [0.839216, 0.152941, 0.156863], "CD-required_oxygen": [0.121569, 0.466667, 0.705882], "CD-respiratory-other-4": [0.890196, 0.466667, 0.760784], "CD-severity_level___0": [0.54902, 0.337255, 0.294118], "CD-severity_level___1": [0.737255, 0.741176, 0.133333], "CD-severity_level___2": [0.227451, 0.003922, 0.513725], "CD-severity_level___3": [0.0, 0.262745, 0.0], "CD-spo2": [0.058824, 1.0, 0.662745], "CD-type_of_care___1": [0.368627, 0.0, 0.25098], "CD-type_of_care___2": [0.776471, 0.741176, 1.0], "HHX-Arterial Hypertension": [0.258824, 0.313725, 0.321569], "HHX-Asthma": [0.721569, 0.0, 0.501961], "HHX-Diabetes": [1.0, 0.717647, 0.701961], "HHX-OTHER-Sleep-disorder": [0.490196, 0.007843, 0.0], "HHX-Obesity": [0.380392, 0.14902, 1.0], "HHX-Other": [1.0, 1.0, 0.603922], "HHX-Psychiatric disease": [0.682353, 0.788235, 0.670588], "MED-Antivirals": [0.0, 0.52549, 0.486275], "MED-Cardiovascular-agents": [0.333333, 0.227451, 0.0], "MED-Respiratory-tract-agents": [0.580392, 0.988235, 1.0], "SUBST-3": [0.0, 0.74902, 0.0], "SYMPT-chest_pain___1": [0.490196, 0.0, 0.627451], "SYMPT-confusion_altered_mental_s___2": [0.670588, 0.447059, 0.0], "SYMPT-cough___1": [0.568627, 1.0, 0.0], "SYMPT-diarrhea___1": [0.003922, 0.745098, 0.541176], "SYMPT-dizziness___1": [0.0, 0.270588, 0.482353], "SYMPT-dizziness___2": [0.784314, 0.509804, 0.435294], "SYMPT-extremity_weakness_or_numb___1": [1.0, 0.121569, 0.513725], "SYMPT-extremity_weakness_or_numb___2": [0.866667, 0.0, 1.0], "SYMPT-fatigue___1": [0.019608, 0.454902, 0.0], "SYMPT-fatigue___2": [0.392157, 0.266667, 0.380392], "SYMPT-fever_38_0oc___1": [0.533333, 0.560784, 1.0], "SYMPT-headache___1": [1.0, 0.713725, 0.956863], "SYMPT-joint_pain_arthralgia___1": [0.32549, 0.384314, 0.215686], "SYMPT-joint_pain_arthralgia___2": [0.807843, 0.521569, 1.0], "SYMPT-loss_of_taste_lost_of_smel___1": [0.407843, 0.415686, 0.517647], "SYMPT-loss_of_taste_lost_of_smel___2": [0.745098, 0.705882, 0.745098], "SYMPT-muscle_aches_myalgia___1": [0.647059, 0.376471, 0.537255], "SYMPT-muscle_aches_myalgia___2": [0.584314, 0.827451, 1.0], "SYMPT-nausea_vomiting___1": [0.003922, 0.0, 0.972549], "SYMPT-night_sweats___2": [1.0, 0.501961, 0.007843], "SYMPT-runny_nose_rhinorrhea___1": [0.545098, 0.160784, 0.270588], "SYMPT-shortness_of_breath_dyspne___1": [0.678431, 0.627451, 0.427451], "SYMPT-shortness_of_breath_dyspne___2": [0.32549, 0.270588, 0.545098], "SYMPT-sore_throat___1": [0.784314, 1.0, 0.85098], "SYMPT-weight_loss___1": [0.666667, 0.27451, 0.0], "SYMPT-weight_loss___2": [1.0, 0.47451, 0.560784], "VAX-vaccinated": [0.513725, 0.827451, 0.443137], "age": [0.564706, 0.619608, 0.74902], "sex": [0.580392, 0.0, 0.960784]}