{"(Cov_Ind) Vasopressor/Inotrope": [0.188235, 0.635294, 0.854902], "(LCov_Comp) Concentration Unknown Origin": [0.988235, 0.309804, 0.188235], "(Cov) Hospitalized": [0.898039, 0.682353, 0.219608], "(Cov_Med) Steroids": [0.427451, 0.564706, 0.309804], "(Cov_Med) Anticoagulant": [0.545098, 0.545098, 0.545098], "(Cov_Med) Colchicine": [0.090196, 0.745098, 0.811765], "(Cov_Med) Antibiotics": [0.580392, 0.403922, 0.741176], "(LCov_Comp) Memory Unknown Origin": [0.839216, 0.152941, 0.156863], "(Cov_Ind) Oxygen": [0.121569, 0.466667, 0.705882], "(LCov_Comp) Respiratory Unknown Origin": [0.890196, 0.466667, 0.760784], "(Cov_Sevr) UnInfected": [0.54902, 0.337255, 0.294118], "(Cov_Sevr) Mild": [0.737255, 0.741176, 0.133333], "(Cov_Sevr) Moderate": [0.227451, 0.003922, 0.513725], "(Cov_Sevr) Severe": [0.0, 0.262745, 0.0], "(Cov_Ind) SpO2": [0.058824, 1.0, 0.662745], "(Cov) ICU": [0.368627, 0.0, 0.25098], "(Cov) Non-ICU": [0.776471, 0.741176, 1.0], "(Hx) Arterial Hypertension": [0.258824, 0.313725, 0.321569], "(Hx) Asthma": [0.721569, 0.0, 0.501961], "(Hx) Diabetes": [1.0, 0.717647, 0.701961], "(Hx) Sleep Disorder": [0.490196, 0.007843, 0.0], "(Hx) Obesity": [0.380392, 0.14902, 1.0], "(Hx) Other": [1.0, 1.0, 0.603922], "(Hx) Psychiatric Disease": [0.682353, 0.788235, 0.670588], "(Hx_Med) Anti-Virals": [0.0, 0.52549, 0.486275], "(Hx_Med) Cardiovascular": [0.333333, 0.227451, 0.0], "(Hx_Med) Respiratory Tract": [0.580392, 0.988235, 1.0], "Alcohol Intake": [0.0, 0.74902, 0.0], "(Cov_Sym) Chest Pain": [0.490196, 0.0, 0.627451], "(LCov_Sym) Altered Mental Status": [0.670588, 0.447059, 0.0], "(Cov_Sym) Cough": [0.568627, 1.0, 0.0], "(Cov_Sym) Diarrhea": [0.003922, 0.745098, 0.541176], "(Cov_Sym) Dizziness": [0.0, 0.270588, 0.482353], "(LCov_Sym) Dizziness": [0.784314, 0.509804, 0.435294], "(Cov_Sym) Extremity Weakness Or Numb": [1.0, 0.121569, 0.513725], "(LCov_Sym) Extremity Weakness Or Numb": [0.866667, 0.0, 1.0], "(Cov_Sym) Fatigue": [0.019608, 0.454902, 0.0], "(LCov_Sym) Fatigue": [0.392157, 0.266667, 0.380392], "(Sym_Cov) Fever > 38": [0.533333, 0.560784, 1.0], "(Cov_Sym) Headache": [1.0, 0.713725, 0.956863], "(Cov_Sym) Arthralgia": [0.32549, 0.384314, 0.215686], "(LCov_Sym) Arthralgia": [0.807843, 0.521569, 1.0], "(Cov_Sym) Loss Of Taste/Smell": [0.407843, 0.415686, 0.517647], "(LCov_Sym) Loss Of Taste/Smell": [0.745098, 0.705882, 0.745098], "(Cov_Sym) Myalgia": [0.647059, 0.376471, 0.537255], "(LCov_Sym) Myalgia": [0.584314, 0.827451, 1.0], "(Cov_Sym) Nausea Vomiting": [0.003922, 0.0, 0.972549], "(LCov_Sym) Night Sweats": [1.0, 0.501961, 0.007843], "(Cov_Sym) Rhinorrhea": [0.545098, 0.160784, 0.270588], "(Cov_Sym) Dyspnea": [0.678431, 0.627451, 0.427451], "(LCov_Sym) Dyspnea": [0.32549, 0.270588, 0.545098], "(Cov_Sym) Sore Throat": [0.784314, 1.0, 0.85098], "(Cov_Sym) Weight Loss": [0.666667, 0.27451, 0.0], "(LCov_Sym) Weight Loss": [1.0, 0.47451, 0.560784], "Vaccinated": [0.513725, 0.827451, 0.443137], "Age": [0.564706, 0.619608, 0.74902], "Sex": [0.580392, 0.0, 0.960784], "(LCov_Sym) Headache" : [0.921569, 0.815686, 0.607843]}