{"Vasopressor/Inotrope (Cov_Ind)": [0.188235, 0.635294, 0.854902], "Concentration Unknown Origin (LCov_Comp)": [0.988235, 0.309804, 0.188235], "Hospitalized (Cov)": [0.898039, 0.682353, 0.219608], "Steroids (Cov_Med)": [0.427451, 0.564706, 0.309804], "Anticoagulant (Cov_Med)": [0.545098, 0.545098, 0.545098], "Colchicine (Cov_Med)": [0.090196, 0.745098, 0.811765], "Antibiotics (Cov_Med)": [0.580392, 0.403922, 0.741176], "Memory Unknown Origin (LCov_Comp)": [0.839216, 0.152941, 0.156863], "Oxygen (Cov_Ind)": [0.121569, 0.466667, 0.705882], "Respiratory Unknown Origin (LCov_Comp)": [0.890196, 0.466667, 0.760784], "UnInfected (Cov_Sevr)": [0.54902, 0.337255, 0.294118], "Mild (Cov_Sevr)": [0.737255, 0.741176, 0.133333], "Moderate (Cov_Sevr)": [0.227451, 0.003922, 0.513725], "Severe (Cov_Sevr)": [0.0, 0.262745, 0.0], "SpO2 (Cov_Ind)": [0.058824, 1.0, 0.662745], "ICU (Cov)": [0.368627, 0.0, 0.25098], "Non-ICU (Cov)": [0.776471, 0.741176, 1.0], "Arterial Hypertension (Hx)": [0.258824, 0.313725, 0.321569], "Asthma (Hx)": [0.721569, 0.0, 0.501961], "Diabetes (Hx)": [1.0, 0.717647, 0.701961], "Sleep Disorder (Hx)": [0.490196, 0.007843, 0.0], "Obesity (Hx)": [0.380392, 0.14902, 1.0], "Other (Hx)": [1.0, 1.0, 0.603922], "Psychiatric Disease (Hx)": [0.682353, 0.788235, 0.670588], "Anti-Virals (Hx_Med)": [0.0, 0.52549, 0.486275], "Cardiovascular (Hx_Med)": [0.333333, 0.227451, 0.0], "Respiratory Tract (Hx_Med)": [0.580392, 0.988235, 1.0], "Alcohol Intake": [0.0, 0.74902, 0.0], "Chest Pain (Cov_Sym)": [0.490196, 0.0, 0.627451], "Altered Mental Status (LCov_Sym)": [0.670588, 0.447059, 0.0], "Cough (Cov_Sym)": [0.568627, 1.0, 0.0], "Diarrhea (Cov_Sym)": [0.003922, 0.745098, 0.541176], "Dizziness (Cov_Sym)": [0.0, 0.270588, 0.482353], "Dizziness (LCov_Sym)": [0.784314, 0.509804, 0.435294], "Extremity Weakness/Numbness (Cov_Sym)": [1.0, 0.121569, 0.513725], "Extremity Weakness/Numbness (LCov_Sym)": [0.866667, 0.0, 1.0], "Fatigue (Cov_Sym)": [0.019608, 0.454902, 0.0], "Fatigue (LCov_Sym)": [0.392157, 0.266667, 0.380392], "Fever > 38 (Sym_Cov)": [0.533333, 0.560784, 1.0], "Headache (Cov_Sym)": [1.0, 0.713725, 0.956863], "Arthralgia (Cov_Sym)": [0.32549, 0.384314, 0.215686], "Arthralgia (LCov_Sym)": [0.807843, 0.521569, 1.0], "Ageusia/Anosmia (Cov_Sym)": [0.407843, 0.415686, 0.517647], "Ageusia/Anosmia (LCov_Sym)": [0.745098, 0.705882, 0.745098], "Myalgia (Cov_Sym)": [0.647059, 0.376471, 0.537255], "Myalgia (LCov_Sym)": [0.584314, 0.827451, 1.0], "Nausea Vomiting (Cov_Sym)": [0.003922, 0.0, 0.972549], "Night Sweats (LCov_Sym)": [1.0, 0.501961, 0.007843], "Rhinorrhea (Cov_Sym)": [0.545098, 0.160784, 0.270588], "Dyspnea (Cov_Sym)": [0.678431, 0.627451, 0.427451], "Dyspnea (LCov_Sym)": [0.32549, 0.270588, 0.545098], "Sore Throat (Cov_Sym)": [0.784314, 1.0, 0.85098], "Weight Loss (Cov_Sym)": [0.666667, 0.27451, 0.0], "Weight Loss (LCov_Sym)": [1.0, 0.47451, 0.560784], "Vaccinated": [0.513725, 0.827451, 0.443137], "Age": [0.564706, 0.619608, 0.74902], "Sex": [0.580392, 0.0, 0.960784], "Headache (LCov_Sym)" : [0.921569, 0.815686, 0.607843], "Chest Pain (LCov_Sym)" : [0.921569, 0.815686, 0.607843]}